Name,Age
Bella-Rose Holcomb,21
Carwyn Avalos,22
Lola-Mae Schneider,24
Rhiann Needham,29
Zaina Woodard,34
Safah Espinosa,43
Abigail Reynolds,32
Demi Lyons,21
Seamus Kemp,22
Iona Hart,24
Catrina Medina,29
Oliver Massey,34
Patrick Friedman,43
Scarlet Monaghan,32
Genevieve Bauer,21
Alessandra Lott,22
Ariya Hendricks,24
Asiyah Haigh,29
Yusha Robles,34
Duane Whiteley,43
Sadiyah Prosser,32
Madihah Bowler,32
Pamela Moon,43
Agata Connelly,32
Fatimah Frank,21
Jasmin Mcfarlane,34
Aariz Allman,53
Mina Gates,32
Emelia Whitworth,33
Jemma Begum,29
Nettie Stubbs,28
Rahul Pruitt,27
Eathan Hagan,34
Jarred Walmsley,43
Esmay Price,32
Conna Whitaker,21
Tobey Bains,22
Mea Currie,24
Phoenix Talbot,29
Samirah Knights,34
Rome Forrest,43
Rida Cochran,32
Montana Goodman,32
Roger Atkinson,43
Yara Perez,32
Anton Coulson,21
Korban Logan,34
June Harris,53
Owen Franco,32
Carmel Costa,33